model,split,accuracy,precision,recall,f1,training_time_s
Logistic Regression,validation,0.8874816691107852,0.8795715778474399,0.8978666666666667,0.8886249670097651,0.5324070999631658
Linear SVM,validation,0.885481935741901,0.8831168831168831,0.8885333333333333,0.8858168283929283,0.9484458999941126
Naive Bayes,validation,0.8597520330622583,0.8498443983402489,0.8738666666666667,0.861688140941362,0.018580199917778373
Random Forest,validation,0.8549526729769364,0.8539893617021277,0.8562666666666666,0.8551264980026632,50.37441910000052
