model,split,accuracy,precision,recall,f1
LSTM,validation,0.8788161578456206,0.8801177415038801,0.8770666666666667,0.8785895552290637
LSTM,test,0.8790666666666667,0.878763655742073,0.8794666666666666,0.8791150206584033
