model,split,accuracy,precision,recall,f1,training_time_s
LSTM,validation,0.8766831089188108,0.8615305861274636,0.8976,0.879195507378869,669.2768801000202
LSTM,test,0.8838666666666667,0.8678763097367749,0.9056,0.8863369437557093,669.2768801000202
