model,split,accuracy,precision,recall,f1
LSTM,validation,0.8718837488334888,0.8715694111377564,0.8722666666666666,0.8719178995068639
LSTM,test,0.8728,0.8718085106382979,0.8741333333333333,0.8729693741677763
