model,split,accuracy,precision,recall,f1
LSTM,validation,0.8804159445407279,0.8802985870434551,0.8805333333333333,0.8804159445407279
LSTM,test,0.8833333333333333,0.8807947019867549,0.8866666666666667,0.8837209302325582
