model,split,accuracy,precision,recall,f1
LSTM,validation,0.8770830555925877,0.8607142857142858,0.8997333333333334,0.8797913950456323
LSTM,test,0.8814666666666666,0.8631632394008631,0.9066666666666666,0.8843802835219144
