model,split,accuracy,precision,recall,f1,training_time_s
LSTM,validation,0.8745500599920011,0.849813200498132,0.9098666666666667,0.878815196394076,29.29720153199969
LSTM,test,0.8778666666666667,0.8519622454048683,0.9146666666666666,0.882201646090535,29.29720153199969
