model,split,accuracy,precision,recall,f1,training_time_s
LSTM,validation,0.8805492600986535,0.8813468733297701,0.8794666666666666,0.8804057661505605,24.50711341400074
LSTM,test,0.8873333333333333,0.881333683381465,0.8952,0.8882127265511311,24.50711341400074
