representation,val_accuracy,val_f1,experiment
BoW (unigram),0.8689508065591255,0.8691949434464404,bow_vs_tfidf
TF-IDF (unigram),0.8850819890681243,0.8861595351294242,bow_vs_tfidf
ngram_1-1,0.8850819890681243,0.8861595351294242,tfidf_ngram_comparison
ngram_1-2,0.8888148246900414,0.8899736147757256,tfidf_ngram_comparison
