model,evaluated_on,accuracy,precision,recall,f1,training_time_s,inference_time_s,inference_per_sample_ms,training_note
"Pre-trained Transformer (DistilBERT, raw text)",test_300_rows,0.9266666666666666,0.9428571428571428,0.9041095890410958,0.9230769230769231,,144.007,480.0238,Inference only
Linear SVM (TF-IDF),test_500_rows,0.904,0.9,0.9,0.9,0.948,0.002,0.0043,Fast
Logistic Regression (TF-IDF),test_500_rows,0.9,0.8991596638655462,0.8916666666666667,0.895397489539749,0.532,0.002,0.0031,Fast
LSTM (Keras),test_500_rows,0.884,0.8729508196721312,0.8875,0.8801652892561983,669.277,20.773,41.5458,High (epoch-based)
Naive Bayes (TF-IDF),test_500_rows,0.87,0.8458498023715415,0.8916666666666667,0.8681541582150102,0.019,0.004,0.0076,Fast
Random Forest (TF-IDF),test_500_rows,0.868,0.8717948717948718,0.85,0.8607594936708861,50.374,0.191,0.3811,Moderate
Pre-trained Transformer (DistilBERT),test_300_rows,0.7766666666666666,0.9157894736842105,0.5958904109589042,0.7219917012448133,,115.305,384.3501,Inference only
