model,evaluated_on,accuracy,precision,recall,f1,training_time_s,inference_time_s,inference_per_sample_ms,training_note
"Pre-trained Transformer (DistilBERT, raw text)",test_300_rows,0.9266666666666666,0.9428571428571428,0.9041095890410958,0.9230769230769231,,4.152,13.8388,Inference only
Linear SVM (TF-IDF),test_500_rows,0.904,0.9,0.9,0.9,1.749,0.002,0.0034,Fast
LSTM (Keras),test_500_rows,0.892,0.8576923076923076,0.9291666666666667,0.892,29.297,3.349,6.697,High (epoch-based)
Logistic Regression (TF-IDF),test_500_rows,0.896,0.8949579831932774,0.8875,0.891213389121339,1.611,0.001,0.003,Fast
Naive Bayes (TF-IDF),test_500_rows,0.872,0.8492063492063492,0.8916666666666667,0.8699186991869918,0.069,0.003,0.0063,Fast
Random Forest (TF-IDF),test_500_rows,0.862,0.8701298701298701,0.8375,0.8535031847133758,154.516,0.653,1.306,Moderate
Pre-trained Transformer (DistilBERT),test_300_rows,0.7766666666666666,0.9157894736842105,0.5958904109589042,0.7219917012448133,,3.635,12.1174,Inference only
