model,evaluated_on,accuracy,precision,recall,f1,training_time_s,inference_time_s,inference_per_sample_ms,training_note
Logistic Regression (TF-IDF),test_7500_rows,0.892,0.8828125,0.904,0.8932806324110671,0.908,0.001,0.0002,Fast
"Pre-trained Transformer (DistilBERT, raw text)",test_7500_rows,0.8930666666666667,0.915445321307779,0.8661333333333333,0.8901068785968759,,124.939,16.6586,Inference only
LSTM (Keras),test_7500_rows,0.8873333333333333,0.881333683381465,0.8952,0.8882127265511311,24.507,3.134,0.4179,High (epoch-based)
Linear SVM (TF-IDF),test_7500_rows,0.8868,0.882818685669042,0.892,0.8873855949064863,1.837,0.001,0.0002,Fast
Naive Bayes (TF-IDF),test_7500_rows,0.8689333333333333,0.8553814538916004,0.888,0.8713855815779145,0.072,0.003,0.0004,Fast
Random Forest (TF-IDF),test_7500_rows,0.8569333333333333,0.8585587998928476,0.8546666666666667,0.8566083121742617,159.46,0.591,0.0788,Moderate
Pre-trained Transformer (DistilBERT),test_7500_rows,0.7742666666666667,0.9206543967280164,0.6002666666666666,0.7267150928167877,,90.629,12.0839,Inference only
